<?xml version="1.0" encoding="UTF-8"?>
<!DOCTYPE mapper
  PUBLIC "-//mybatis.org//DTD Mapper 3.0//EN"
  "http://mybatis.org/dtd/mybatis-3-mapper.dtd">
<mapper namespace="com.scon.mapper.NboardMapper">

	<select id="getList" resultType="com.scon.domain.NboardVO">
	<![CDATA[
		select * from nboard where bno>0 and rownum<=100	
	]]>
	</select>
	
	
	
	<select id="getTotalCount" resultType="int">
		select count(*) from nboard
		where
		<trim prefix="(" suffix=") AND " prefixOverrides="OR">
			<foreach item='type' collection="typeArr">
				<trim prefix="OR">
					<choose>
						<when test="type == 'T'.toString()">
							title like '%'||#{keyword}||'%'
						</when>
						<when test="type == 'C'.toString()">
							content like '%'||#{keyword}||'%'
						</when>
						<when test="type == 'W'.toString()">
							writer like '%'||#{keyword}||'%'
						</when>
					</choose>
				</trim>
			</foreach>
		</trim>
		
		bno>0
	</select>
	
	
	<select id="getListWithPaging" resultType="com.scon.domain.NboardVO">
		<![CDATA[
		select bno,title,content,writer,wdate,readcount,ccode,fileurl,fileinfo,newlink
		from (
			select /*+index_desc(nboard SYS_C008165)*/
				rownum rn,bno,title,content,writer,wdate,readcount,ccode,fileurl,fileinfo,newlink
			from nboard
			where 
		]]>	
			
		<trim prefix="(" suffix=") AND " prefixOverrides="OR">
			<foreach item='type' collection="typeArr">
				<trim prefix="OR">
					<choose>
						<when test="type == 'T'.toString()">
							title like '%'||#{keyword}||'%'
						</when>
						<when test="type == 'C'.toString()">
							content like '%'||#{keyword}||'%'
						</when>
						<when test="type == 'W'.toString()">
							writer like '%'||#{keyword}||'%'
						</when>
					</choose>
				</trim>
			</foreach>
		</trim>
			
			
		<![CDATA[
			 rownum<=#{pageNum} * #{amount}
		)
		where rn>(#{pageNum}-1)*#{amount}
		]]>
	</select>
	
</mapper>